ID	sample_1A
NLANBGKA_00001	240
NLANBGKA_00002	51
NLANBGKA_00003	89
NLANBGKA_00004	148
NLANBGKA_00005	545
NLANBGKA_00006	0
NLANBGKA_00007	68
NLANBGKA_00008	25
NLANBGKA_00009	0
NLANBGKA_00010	0
NLANBGKA_00011	2
NLANBGKA_00012	883
NLANBGKA_00013	208
NLANBGKA_00014	9635
NLANBGKA_00015	5184
NLANBGKA_00016	216
NLANBGKA_00017	533
NLANBGKA_00018	732
NLANBGKA_00019	562
NLANBGKA_00020	692
NLANBGKA_00021	0
NLANBGKA_00022	0
NLANBGKA_00023	12
NLANBGKA_00024	1
NLANBGKA_00025	0
NLANBGKA_00026	0
NLANBGKA_00027	1195
NLANBGKA_00028	2
NLANBGKA_00029	1831
NLANBGKA_00030	494
NLANBGKA_00031	400
NLANBGKA_00032	147
NLANBGKA_00035	222
NLANBGKA_00036	183
NLANBGKA_00037	64
NLANBGKA_00038	1127
NLANBGKA_00039	756
NLANBGKA_00040	335
NLANBGKA_00041	106
NLANBGKA_00042	494
NLANBGKA_00043	42
NLANBGKA_00044	464
NLANBGKA_00045	2023
NLANBGKA_00046	445
NLANBGKA_00047	370
NLANBGKA_00048	724
NLANBGKA_00049	1369
NLANBGKA_00050	1133
NLANBGKA_00051	56
NLANBGKA_00052	99
NLANBGKA_00053	74
NLANBGKA_00054	64
NLANBGKA_00055	29
NLANBGKA_00056	0
NLANBGKA_00057	2
NLANBGKA_00058	2
NLANBGKA_00059	1
NLANBGKA_00060	242
NLANBGKA_00061	187
NLANBGKA_00062	616
NLANBGKA_00063	209
NLANBGKA_00064	197
NLANBGKA_00065	30
NLANBGKA_00066	28
NLANBGKA_00067	784
NLANBGKA_00068	1427
NLANBGKA_00069	752
NLANBGKA_00070	436
NLANBGKA_00071	335
NLANBGKA_00072	200
NLANBGKA_00073	39
NLANBGKA_00074	46
NLANBGKA_00075	1863
NLANBGKA_00076	489
NLANBGKA_00077	203
NLANBGKA_00078	544
NLANBGKA_00079	422
NLANBGKA_00080	1029
NLANBGKA_00081	477
NLANBGKA_00082	521
NLANBGKA_00083	929
NLANBGKA_00084	57
NLANBGKA_00085	1
NLANBGKA_00086	6023
NLANBGKA_00087	21986
NLANBGKA_00088	1214
NLANBGKA_00089	154
NLANBGKA_00090	64
NLANBGKA_00091	138
NLANBGKA_00092	28
NLANBGKA_00093	1172
NLANBGKA_00094	257
NLANBGKA_00095	5
NLANBGKA_00096	37
NLANBGKA_00097	7
NLANBGKA_00098	359
NLANBGKA_00099	45
NLANBGKA_00100	199
NLANBGKA_00101	1072
NLANBGKA_00102	5484
NLANBGKA_00103	600
NLANBGKA_00104	101
NLANBGKA_00105	62
NLANBGKA_00106	4
NLANBGKA_00107	2
NLANBGKA_00108	62
NLANBGKA_00109	13
NLANBGKA_00110	2
NLANBGKA_00111	189
NLANBGKA_00112	145
NLANBGKA_00113	3148
NLANBGKA_00114	983
NLANBGKA_00115	1789
NLANBGKA_00116	2664
NLANBGKA_00117	373
NLANBGKA_00118	815
NLANBGKA_00119	472
NLANBGKA_00120	17
NLANBGKA_00123	4034
NLANBGKA_00124	281
NLANBGKA_00125	657
NLANBGKA_00126	38
NLANBGKA_00127	760
NLANBGKA_00128	6897
NLANBGKA_00129	112
NLANBGKA_00130	218
NLANBGKA_00131	904
NLANBGKA_00132	325
NLANBGKA_00133	1076
NLANBGKA_00134	101
NLANBGKA_00135	3537
NLANBGKA_00136	3353
NLANBGKA_00137	2707
NLANBGKA_00138	2159
NLANBGKA_00139	481
NLANBGKA_00140	155
NLANBGKA_00141	3241
NLANBGKA_00142	1047
NLANBGKA_00143	442
NLANBGKA_00144	352
NLANBGKA_00145	13
NLANBGKA_00146	508
NLANBGKA_00147	5
NLANBGKA_00148	1103
NLANBGKA_00149	966
NLANBGKA_00150	219
NLANBGKA_00151	903
NLANBGKA_00152	55
NLANBGKA_00153	676
NLANBGKA_00154	197
NLANBGKA_00155	298
NLANBGKA_00156	246
NLANBGKA_00157	284
NLANBGKA_00158	844
NLANBGKA_00159	253
NLANBGKA_00160	14
NLANBGKA_00161	1307
NLANBGKA_00162	507
NLANBGKA_00163	208
NLANBGKA_00164	110
NLANBGKA_00165	880
NLANBGKA_00166	916
NLANBGKA_00167	663
NLANBGKA_00168	105
NLANBGKA_00169	2562
NLANBGKA_00170	5
NLANBGKA_00171	6
NLANBGKA_00172	7079
NLANBGKA_00173	80
NLANBGKA_00174	29
NLANBGKA_00175	186
NLANBGKA_00176	131
NLANBGKA_00177	36
NLANBGKA_00178	56
NLANBGKA_00179	668
NLANBGKA_00180	194
NLANBGKA_00181	424
NLANBGKA_00182	33
NLANBGKA_00183	4010
NLANBGKA_00184	37
NLANBGKA_00185	5
NLANBGKA_00186	4
NLANBGKA_00187	144
NLANBGKA_00188	10
NLANBGKA_00189	0
NLANBGKA_00190	6
NLANBGKA_00191	592
NLANBGKA_00192	14
NLANBGKA_00193	2
NLANBGKA_00194	427
NLANBGKA_00195	216
NLANBGKA_00196	253
NLANBGKA_00197	2300
NLANBGKA_00198	36
NLANBGKA_00199	50
NLANBGKA_00200	325
NLANBGKA_00201	672
NLANBGKA_00202	1653
NLANBGKA_00203	52
NLANBGKA_00204	67
NLANBGKA_00205	17
NLANBGKA_00206	30
NLANBGKA_00207	6
NLANBGKA_00208	887
NLANBGKA_00209	275
NLANBGKA_00210	171
NLANBGKA_00211	152
NLANBGKA_00212	157
NLANBGKA_00213	1757
NLANBGKA_00214	259
NLANBGKA_00215	3154
NLANBGKA_00216	21
NLANBGKA_00217	2164
NLANBGKA_00218	2559
NLANBGKA_00219	1371
NLANBGKA_00220	6618
NLANBGKA_00221	10176
NLANBGKA_00222	12012
NLANBGKA_00223	3806
NLANBGKA_00224	301
NLANBGKA_00225	17609
NLANBGKA_00226	1508
NLANBGKA_00227	1322
NLANBGKA_00228	1341
NLANBGKA_00229	2380
NLANBGKA_00230	46
NLANBGKA_00231	806
NLANBGKA_00232	349
NLANBGKA_00233	52
NLANBGKA_00234	30
NLANBGKA_00235	184
NLANBGKA_00236	12
NLANBGKA_00237	294
NLANBGKA_00238	13
NLANBGKA_00239	0
NLANBGKA_00240	13
NLANBGKA_00241	42
NLANBGKA_00242	789
NLANBGKA_00243	1906
NLANBGKA_00244	36
NLANBGKA_00245	812
NLANBGKA_00246	23
NLANBGKA_00247	1
NLANBGKA_00248	4
NLANBGKA_00249	158
NLANBGKA_00250	14
NLANBGKA_00251	4
NLANBGKA_00252	5
NLANBGKA_00253	6
NLANBGKA_00254	421
NLANBGKA_00255	89
NLANBGKA_00256	585
NLANBGKA_00257	66
NLANBGKA_00258	888
NLANBGKA_00259	582
NLANBGKA_00260	351
NLANBGKA_00261	757
NLANBGKA_00262	39
NLANBGKA_00263	11
NLANBGKA_00264	11
NLANBGKA_00265	13
NLANBGKA_00266	0
NLANBGKA_00267	1374
NLANBGKA_00268	606
NLANBGKA_00269	0
NLANBGKA_00274	510
NLANBGKA_00275	1512
NLANBGKA_00276	3723
NLANBGKA_00277	535
NLANBGKA_00278	608
NLANBGKA_00279	170
NLANBGKA_00281	187
NLANBGKA_00282	436
NLANBGKA_00283	2399
NLANBGKA_00284	919
NLANBGKA_00285	1281
NLANBGKA_00286	24
NLANBGKA_00287	490
NLANBGKA_00288	108
NLANBGKA_00289	471
NLANBGKA_00290	179
NLANBGKA_00291	38
NLANBGKA_00292	98
NLANBGKA_00293	156
NLANBGKA_00294	182
NLANBGKA_00295	434
NLANBGKA_00296	16
NLANBGKA_00297	869
NLANBGKA_00298	708
NLANBGKA_00299	134
NLANBGKA_00300	1517
NLANBGKA_00301	305
NLANBGKA_00302	18
NLANBGKA_00303	167
NLANBGKA_00304	142
NLANBGKA_00305	70
NLANBGKA_00306	21
NLANBGKA_00307	87
NLANBGKA_00308	458
NLANBGKA_00309	1651
NLANBGKA_00310	86
NLANBGKA_00311	570
NLANBGKA_00312	425
NLANBGKA_00313	601
NLANBGKA_00314	400
NLANBGKA_00315	343
NLANBGKA_00316	16
NLANBGKA_00317	3
NLANBGKA_00318	141
NLANBGKA_00319	120
NLANBGKA_00320	1
NLANBGKA_00321	23
NLANBGKA_00322	8
NLANBGKA_00323	570
NLANBGKA_00324	418
NLANBGKA_00325	483
NLANBGKA_00326	69
NLANBGKA_00327	6
NLANBGKA_00328	86
NLANBGKA_00329	258
NLANBGKA_00330	39
NLANBGKA_00331	489
NLANBGKA_00332	3
NLANBGKA_00333	1
NLANBGKA_00334	1
NLANBGKA_00335	43
NLANBGKA_00336	34
NLANBGKA_00337	12
NLANBGKA_00338	43
NLANBGKA_00339	427
NLANBGKA_00340	23
NLANBGKA_00341	815
NLANBGKA_00342	65
NLANBGKA_00343	33
NLANBGKA_00344	66
NLANBGKA_00345	18
NLANBGKA_00346	33
NLANBGKA_00347	100
NLANBGKA_00348	38
NLANBGKA_00349	109
NLANBGKA_00350	7
NLANBGKA_00351	484
NLANBGKA_00352	7148
NLANBGKA_00353	1
NLANBGKA_00354	814
NLANBGKA_00355	2
NLANBGKA_00356	172
NLANBGKA_00357	73
NLANBGKA_00358	269
NLANBGKA_00359	2
NLANBGKA_00360	4081
NLANBGKA_00361	59
NLANBGKA_00363	603
NLANBGKA_00364	814
NLANBGKA_00365	417
NLANBGKA_00366	138
NLANBGKA_00367	68
NLANBGKA_00368	112
NLANBGKA_00369	64
NLANBGKA_00370	20
NLANBGKA_00371	45324
NLANBGKA_00372	878
NLANBGKA_00373	347
NLANBGKA_00374	269
NLANBGKA_00375	487
NLANBGKA_00376	306
NLANBGKA_00377	325
NLANBGKA_00378	1086
NLANBGKA_00379	435
NLANBGKA_00380	390
NLANBGKA_00381	16
NLANBGKA_00382	1161
NLANBGKA_00383	1087
NLANBGKA_00384	88
NLANBGKA_00385	2
NLANBGKA_00386	20
NLANBGKA_00387	80
NLANBGKA_00388	259
NLANBGKA_00389	259
NLANBGKA_00390	311
NLANBGKA_00391	3355
NLANBGKA_00392	1467
NLANBGKA_00393	1
NLANBGKA_00394	0
NLANBGKA_00395	210
NLANBGKA_00396	467
NLANBGKA_00397	171
NLANBGKA_00398	2901
NLANBGKA_00399	9
NLANBGKA_00400	228
NLANBGKA_00401	680
NLANBGKA_00402	1550
NLANBGKA_00403	1212
NLANBGKA_00404	903
NLANBGKA_00405	1627
NLANBGKA_00406	143
NLANBGKA_00407	251
NLANBGKA_00408	299
NLANBGKA_00409	2521
NLANBGKA_00410	20
NLANBGKA_00411	69
NLANBGKA_00412	449
NLANBGKA_00413	109
NLANBGKA_00414	23
NLANBGKA_00415	4
NLANBGKA_00416	6
NLANBGKA_00417	571
NLANBGKA_00418	177
NLANBGKA_00419	103
NLANBGKA_00420	186
NLANBGKA_00421	1
NLANBGKA_00422	753
NLANBGKA_00423	2919
NLANBGKA_00424	208
NLANBGKA_00425	89
NLANBGKA_00426	66
NLANBGKA_00427	3
NLANBGKA_00428	37
NLANBGKA_00429	6
NLANBGKA_00430	224
NLANBGKA_00431	27
NLANBGKA_00432	37
NLANBGKA_00433	18
NLANBGKA_00434	322
NLANBGKA_00435	20
NLANBGKA_00436	251
NLANBGKA_00437	2
NLANBGKA_00438	338
NLANBGKA_00439	371
NLANBGKA_00440	1
NLANBGKA_00441	1
NLANBGKA_00442	6
NLANBGKA_00443	4
NLANBGKA_00444	188
NLANBGKA_00445	433
NLANBGKA_00446	79
NLANBGKA_00447	648
NLANBGKA_00448	941
NLANBGKA_00449	517
NLANBGKA_00450	1289
NLANBGKA_00451	3
NLANBGKA_00452	1118
NLANBGKA_00453	452
NLANBGKA_00454	705
NLANBGKA_00455	23
NLANBGKA_00456	153
NLANBGKA_00457	19
NLANBGKA_00458	0
NLANBGKA_00459	4
NLANBGKA_00460	30
NLANBGKA_00461	6
NLANBGKA_00462	0
NLANBGKA_00463	333
NLANBGKA_00464	515
NLANBGKA_00465	2089
NLANBGKA_00466	785
NLANBGKA_00467	84
NLANBGKA_00468	951
NLANBGKA_00469	971
NLANBGKA_00470	16
NLANBGKA_00471	173
NLANBGKA_00472	13
NLANBGKA_00473	33
NLANBGKA_00474	11
NLANBGKA_00475	841
NLANBGKA_00476	162
NLANBGKA_00477	539
NLANBGKA_00478	652
NLANBGKA_00479	370
NLANBGKA_00480	779
NLANBGKA_00481	1698
NLANBGKA_00482	4321
NLANBGKA_00483	78
NLANBGKA_00484	275
NLANBGKA_00485	243
NLANBGKA_00486	453
NLANBGKA_00487	403
NLANBGKA_00488	386
NLANBGKA_00489	481
NLANBGKA_00490	529
NLANBGKA_00491	1019
NLANBGKA_00492	312
NLANBGKA_00493	414
NLANBGKA_00494	21
NLANBGKA_00495	7
NLANBGKA_00496	11
NLANBGKA_00497	1
NLANBGKA_00498	1608
NLANBGKA_00499	75
NLANBGKA_00500	37
NLANBGKA_00501	22
NLANBGKA_00502	261
NLANBGKA_00503	741
NLANBGKA_00504	32
NLANBGKA_00505	8
NLANBGKA_00506	27
NLANBGKA_00507	9
NLANBGKA_00508	6
NLANBGKA_00509	13
NLANBGKA_00510	0
NLANBGKA_00511	1657
NLANBGKA_00512	986
NLANBGKA_00513	101
NLANBGKA_00514	8
NLANBGKA_00515	99
NLANBGKA_00516	49
NLANBGKA_00517	194
NLANBGKA_00518	14
NLANBGKA_00519	162
NLANBGKA_00520	214
NLANBGKA_00521	77
NLANBGKA_00522	112
NLANBGKA_00523	31
NLANBGKA_00524	3427
NLANBGKA_00525	25
NLANBGKA_00526	3361
NLANBGKA_00527	270
NLANBGKA_00528	24
NLANBGKA_00529	0
NLANBGKA_00530	15340
NLANBGKA_00531	1
NLANBGKA_00532	0
NLANBGKA_00533	893
NLANBGKA_00534	180
NLANBGKA_00535	0
NLANBGKA_00536	19
NLANBGKA_00537	0
NLANBGKA_00538	1
NLANBGKA_00539	13
NLANBGKA_00540	12
NLANBGKA_00541	2
NLANBGKA_00542	0
NLANBGKA_00543	0
NLANBGKA_00544	0
NLANBGKA_00545	2718
NLANBGKA_00546	1253
NLANBGKA_00547	385
NLANBGKA_00548	233
NLANBGKA_00549	1257
NLANBGKA_00550	1222
NLANBGKA_00551	712
NLANBGKA_00552	345
NLANBGKA_00553	140
NLANBGKA_00554	12
NLANBGKA_00555	0
NLANBGKA_00556	37
NLANBGKA_00557	80
NLANBGKA_00558	40
NLANBGKA_00559	0
NLANBGKA_00560	2
NLANBGKA_00561	2864
NLANBGKA_00562	18227
NLANBGKA_00563	42
NLANBGKA_00564	22
NLANBGKA_00565	14
NLANBGKA_00566	36
NLANBGKA_00567	73
NLANBGKA_00568	71
NLANBGKA_00569	13
NLANBGKA_00570	37
NLANBGKA_00571	17
NLANBGKA_00572	75
NLANBGKA_00573	7
NLANBGKA_00574	11
NLANBGKA_00575	116
NLANBGKA_00576	4
NLANBGKA_00577	7
NLANBGKA_00578	24
NLANBGKA_00579	3070
NLANBGKA_00580	1015
NLANBGKA_00581	619
NLANBGKA_00582	0
NLANBGKA_00583	0
NLANBGKA_00584	21
NLANBGKA_00585	6
NLANBGKA_00586	60
NLANBGKA_00587	33
NLANBGKA_00588	16
NLANBGKA_00589	10
NLANBGKA_00590	6
NLANBGKA_00591	249
NLANBGKA_00592	106
NLANBGKA_00593	125
NLANBGKA_00594	427
NLANBGKA_00595	519
NLANBGKA_00596	5
NLANBGKA_00597	1448
NLANBGKA_00598	5
NLANBGKA_00599	6
NLANBGKA_00600	102
NLANBGKA_00601	4200
NLANBGKA_00602	891
NLANBGKA_00603	268
NLANBGKA_00604	5
NLANBGKA_00605	273
NLANBGKA_00606	579
NLANBGKA_00607	465
NLANBGKA_00608	1653
NLANBGKA_00609	20
NLANBGKA_00610	2851
NLANBGKA_00611	293
NLANBGKA_00612	1
NLANBGKA_00613	0
NLANBGKA_00614	1
NLANBGKA_00615	11
NLANBGKA_00616	321
NLANBGKA_00617	986
NLANBGKA_00618	39
NLANBGKA_00619	36
NLANBGKA_00620	91
NLANBGKA_00621	7
NLANBGKA_00622	7
NLANBGKA_00623	97
NLANBGKA_00624	127
NLANBGKA_00625	74
NLANBGKA_00626	484
NLANBGKA_00627	749
NLANBGKA_00628	1424
NLANBGKA_00629	1779
NLANBGKA_00630	2051
NLANBGKA_00631	495
NLANBGKA_00632	1989
NLANBGKA_00633	1
NLANBGKA_00634	2
NLANBGKA_00635	1
NLANBGKA_00636	0
NLANBGKA_00637	3
NLANBGKA_00638	2
NLANBGKA_00639	0
NLANBGKA_00640	0
NLANBGKA_00641	1
NLANBGKA_00642	0
NLANBGKA_00643	8
NLANBGKA_00644	0
NLANBGKA_00645	14
NLANBGKA_00646	187
NLANBGKA_00647	489
NLANBGKA_00648	415
NLANBGKA_00649	29
NLANBGKA_00650	118
NLANBGKA_00651	176
NLANBGKA_00652	39
NLANBGKA_00653	44
NLANBGKA_00654	43
NLANBGKA_00655	19
NLANBGKA_00656	9
NLANBGKA_00657	3218
NLANBGKA_00658	2186
NLANBGKA_00659	827
NLANBGKA_00660	492
NLANBGKA_00661	875
NLANBGKA_00662	1633
NLANBGKA_00663	3337
NLANBGKA_00664	194
NLANBGKA_00665	4
NLANBGKA_00666	2069
NLANBGKA_00667	167607
NLANBGKA_00668	65
NLANBGKA_00669	79
NLANBGKA_00670	16458
NLANBGKA_00671	10899
NLANBGKA_00672	1012
NLANBGKA_00673	310
NLANBGKA_00674	81
NLANBGKA_00675	739
NLANBGKA_00676	2
NLANBGKA_00677	631
NLANBGKA_00678	619
NLANBGKA_00679	5581
NLANBGKA_00680	110
NLANBGKA_00681	117
NLANBGKA_00682	2789
NLANBGKA_00683	286
NLANBGKA_00684	673
NLANBGKA_00685	455
NLANBGKA_00686	2100
NLANBGKA_00687	393
NLANBGKA_00688	252
NLANBGKA_00689	865
NLANBGKA_00690	4
NLANBGKA_00691	497
NLANBGKA_00692	184
NLANBGKA_00693	264
NLANBGKA_00694	114
NLANBGKA_00695	511
NLANBGKA_00696	400
NLANBGKA_00697	192
NLANBGKA_00698	62
NLANBGKA_00699	102
NLANBGKA_00700	45
NLANBGKA_00701	167
NLANBGKA_00702	595
NLANBGKA_00703	34
NLANBGKA_00704	33
NLANBGKA_00705	59
NLANBGKA_00706	128
NLANBGKA_00707	53
NLANBGKA_00708	75
NLANBGKA_00709	121
NLANBGKA_00710	53
NLANBGKA_00711	57
NLANBGKA_00712	40
NLANBGKA_00713	0
NLANBGKA_00714	3
NLANBGKA_00715	4089
NLANBGKA_00716	0
NLANBGKA_00717	32
NLANBGKA_00718	85
NLANBGKA_00719	1338
NLANBGKA_00720	2429
NLANBGKA_00721	812
NLANBGKA_00722	115
NLANBGKA_00723	295
NLANBGKA_00724	44
NLANBGKA_00725	610
NLANBGKA_00726	153
NLANBGKA_00727	15
NLANBGKA_00728	0
NLANBGKA_00729	42
NLANBGKA_00730	748
NLANBGKA_00731	272
NLANBGKA_00732	120
NLANBGKA_00733	191
NLANBGKA_00734	162
NLANBGKA_00735	240
NLANBGKA_00736	2
NLANBGKA_00737	24
NLANBGKA_00738	57
NLANBGKA_00739	371
NLANBGKA_00740	1358
NLANBGKA_00741	156
NLANBGKA_00742	41
NLANBGKA_00743	4014
NLANBGKA_00744	587
NLANBGKA_00745	2686
NLANBGKA_00746	199
NLANBGKA_00747	0
NLANBGKA_00748	6280
NLANBGKA_00749	2225
NLANBGKA_00750	300
NLANBGKA_00751	11435
NLANBGKA_00752	2389
NLANBGKA_00753	1099
NLANBGKA_00754	1053
NLANBGKA_00755	771
NLANBGKA_00756	441
NLANBGKA_00757	3304
NLANBGKA_00758	4927
NLANBGKA_00759	1445
NLANBGKA_00760	358
NLANBGKA_00761	103
NLANBGKA_00762	1399
NLANBGKA_00763	1046
NLANBGKA_00764	3167
NLANBGKA_00765	0
NLANBGKA_00766	254
NLANBGKA_00767	30
NLANBGKA_00768	207
NLANBGKA_00769	270
NLANBGKA_00770	374
NLANBGKA_00771	89
NLANBGKA_00772	122
NLANBGKA_00773	526
NLANBGKA_00774	261
NLANBGKA_00775	589
NLANBGKA_00776	3005
NLANBGKA_00777	298
NLANBGKA_00778	24
NLANBGKA_00779	215
NLANBGKA_00780	129
NLANBGKA_00781	1
NLANBGKA_00782	1317
NLANBGKA_00783	1366
NLANBGKA_00784	34
NLANBGKA_00785	517
NLANBGKA_00786	2
NLANBGKA_00787	14
NLANBGKA_00788	45
NLANBGKA_00789	1648
NLANBGKA_00790	366
NLANBGKA_00791	10
NLANBGKA_00792	327
NLANBGKA_00793	154
NLANBGKA_00794	1259
NLANBGKA_00795	880
NLANBGKA_00796	150
NLANBGKA_00797	773
NLANBGKA_00798	22
NLANBGKA_00799	338
NLANBGKA_00800	328
NLANBGKA_00801	16
NLANBGKA_00802	6
NLANBGKA_00803	14
NLANBGKA_00804	338
NLANBGKA_00805	180
NLANBGKA_00806	6
NLANBGKA_00807	12
NLANBGKA_00808	0
NLANBGKA_00809	70
NLANBGKA_00810	401
NLANBGKA_00811	8
NLANBGKA_00812	36
NLANBGKA_00813	4
NLANBGKA_00814	563
NLANBGKA_00815	511
NLANBGKA_00816	305
NLANBGKA_00817	1195
NLANBGKA_00818	906
NLANBGKA_00819	108
NLANBGKA_00820	1148
NLANBGKA_00821	1312
NLANBGKA_00822	569
NLANBGKA_00823	1040
NLANBGKA_00824	227
NLANBGKA_00825	1059
NLANBGKA_00826	175
NLANBGKA_00827	24
NLANBGKA_00828	29688
NLANBGKA_00829	92
NLANBGKA_00830	1433
NLANBGKA_00831	1296
NLANBGKA_00832	91
NLANBGKA_00833	2469
NLANBGKA_00834	842
NLANBGKA_00835	542
NLANBGKA_00836	1262
NLANBGKA_00837	154
NLANBGKA_00838	858
NLANBGKA_00839	87
NLANBGKA_00840	748
NLANBGKA_00841	115
NLANBGKA_00842	243
NLANBGKA_00843	720
NLANBGKA_00844	433
NLANBGKA_00845	420
NLANBGKA_00846	6
NLANBGKA_00847	7
NLANBGKA_00848	43
NLANBGKA_00849	610
NLANBGKA_00850	576
NLANBGKA_00851	594
NLANBGKA_00852	8
NLANBGKA_00853	76
NLANBGKA_00854	75
NLANBGKA_00855	921
NLANBGKA_00856	407
NLANBGKA_00857	118
NLANBGKA_00858	113
NLANBGKA_00859	149
NLANBGKA_00860	5
NLANBGKA_00861	10735
NLANBGKA_00862	72
NLANBGKA_00863	121
NLANBGKA_00864	38
NLANBGKA_00865	26
NLANBGKA_00866	358
NLANBGKA_00867	76
NLANBGKA_00868	339
NLANBGKA_00871	2789
NLANBGKA_00874	211
NLANBGKA_00875	688
NLANBGKA_00876	469
NLANBGKA_00877	574
NLANBGKA_00878	201
NLANBGKA_00879	10
NLANBGKA_00880	4
NLANBGKA_00881	72
NLANBGKA_00882	170
NLANBGKA_00883	722
NLANBGKA_00884	1104
NLANBGKA_00885	12
NLANBGKA_00886	172
NLANBGKA_00887	1115
NLANBGKA_00888	248
NLANBGKA_00889	245
NLANBGKA_00890	883
NLANBGKA_00891	3
NLANBGKA_00892	171
NLANBGKA_00893	47
NLANBGKA_00894	153
NLANBGKA_00895	803
NLANBGKA_00896	283
NLANBGKA_00897	2118
NLANBGKA_00898	1119
NLANBGKA_00899	1
NLANBGKA_00900	1
NLANBGKA_00901	0
NLANBGKA_00902	0
NLANBGKA_00903	336
NLANBGKA_00904	42
NLANBGKA_00905	212
NLANBGKA_00906	1067
NLANBGKA_00907	206
NLANBGKA_00908	128
NLANBGKA_00909	215
NLANBGKA_00910	47
NLANBGKA_00911	6
NLANBGKA_00912	25465
NLANBGKA_00913	0
NLANBGKA_00914	0
NLANBGKA_00915	264
NLANBGKA_00916	132
NLANBGKA_00917	871
NLANBGKA_00918	70
NLANBGKA_00919	1
NLANBGKA_00920	2
NLANBGKA_00921	2352
NLANBGKA_00922	33
NLANBGKA_00923	18
NLANBGKA_00924	0
NLANBGKA_00925	5
NLANBGKA_00926	17
NLANBGKA_00927	45
NLANBGKA_00928	20
NLANBGKA_00929	131
NLANBGKA_00930	20
NLANBGKA_00931	27
NLANBGKA_00932	3
NLANBGKA_00933	8723
NLANBGKA_00934	15
NLANBGKA_00935	161
NLANBGKA_00936	0
NLANBGKA_00937	98
NLANBGKA_00938	68
NLANBGKA_00939	170
NLANBGKA_00940	0
NLANBGKA_00941	0
NLANBGKA_00942	9
NLANBGKA_00943	3
NLANBGKA_00944	1
NLANBGKA_00945	0
NLANBGKA_00946	2630
NLANBGKA_00947	5
NLANBGKA_00948	89
NLANBGKA_00949	8
NLANBGKA_00950	0
NLANBGKA_00951	17
NLANBGKA_00952	1134
NLANBGKA_00953	413
NLANBGKA_00954	493
NLANBGKA_00955	2453
NLANBGKA_00956	37
NLANBGKA_00957	642
NLANBGKA_00958	667
NLANBGKA_00959	58
NLANBGKA_00960	1541
NLANBGKA_00961	218
NLANBGKA_00962	724
NLANBGKA_00963	3896
NLANBGKA_00964	3662
NLANBGKA_00965	684
NLANBGKA_00966	4
NLANBGKA_00967	4
NLANBGKA_00968	0
NLANBGKA_00969	2
NLANBGKA_00970	0
NLANBGKA_00971	0
NLANBGKA_00972	1
NLANBGKA_00973	162
NLANBGKA_00974	416
NLANBGKA_00975	0
NLANBGKA_00976	0
NLANBGKA_00977	5
NLANBGKA_00978	10
NLANBGKA_00979	3504
NLANBGKA_00980	155
NLANBGKA_00981	240
NLANBGKA_00982	72
NLANBGKA_00983	30
NLANBGKA_00984	145
NLANBGKA_00985	88
NLANBGKA_00986	19
NLANBGKA_00987	44
NLANBGKA_00988	14
NLANBGKA_00989	0
NLANBGKA_00990	230
NLANBGKA_00991	97
NLANBGKA_00992	22
NLANBGKA_00993	663
NLANBGKA_00994	529
NLANBGKA_00995	47
NLANBGKA_00996	94
NLANBGKA_00997	642
NLANBGKA_00998	407
NLANBGKA_00999	24
NLANBGKA_01000	14
NLANBGKA_01001	35
NLANBGKA_01002	22
NLANBGKA_01003	9
NLANBGKA_01004	0
NLANBGKA_01005	318
NLANBGKA_01006	1159
NLANBGKA_01007	5
NLANBGKA_01008	434
NLANBGKA_01009	1487
NLANBGKA_01010	100
NLANBGKA_01011	1105
NLANBGKA_01012	1186
NLANBGKA_01013	8
NLANBGKA_01014	2
NLANBGKA_01015	11
NLANBGKA_01016	13
NLANBGKA_01017	1734
NLANBGKA_01018	109
NLANBGKA_01019	50
NLANBGKA_01020	80
NLANBGKA_01021	424
NLANBGKA_01022	500
NLANBGKA_01023	80
NLANBGKA_01024	1
NLANBGKA_01025	203
NLANBGKA_01026	186
NLANBGKA_01027	400
NLANBGKA_01028	343
NLANBGKA_01029	9992
NLANBGKA_01030	48379
NLANBGKA_01031	12946
NLANBGKA_01032	23398
NLANBGKA_01033	354
NLANBGKA_01034	541
NLANBGKA_01035	101
NLANBGKA_01036	117
NLANBGKA_01037	950
NLANBGKA_01038	309
NLANBGKA_01039	90
NLANBGKA_01040	4
NLANBGKA_01041	2
NLANBGKA_01042	0
NLANBGKA_01043	43
NLANBGKA_01044	0
NLANBGKA_01045	7
NLANBGKA_01046	22
NLANBGKA_01047	0
NLANBGKA_01048	60
NLANBGKA_01049	42
NLANBGKA_01050	166
NLANBGKA_01051	16
NLANBGKA_01052	4
NLANBGKA_01053	0
NLANBGKA_01054	162
NLANBGKA_01055	203
NLANBGKA_01056	10
NLANBGKA_01057	22
NLANBGKA_01058	29
NLANBGKA_01059	40
NLANBGKA_01060	83
NLANBGKA_01061	1
NLANBGKA_01062	18
NLANBGKA_01063	83
NLANBGKA_01064	25
NLANBGKA_01065	48
NLANBGKA_01066	670
NLANBGKA_01067	398
NLANBGKA_01068	10
NLANBGKA_01069	50
NLANBGKA_01070	11
NLANBGKA_01071	55
NLANBGKA_01072	136
NLANBGKA_01073	2
NLANBGKA_01074	29
NLANBGKA_01075	243
NLANBGKA_01076	348
NLANBGKA_01077	15
NLANBGKA_01078	126
NLANBGKA_01079	27
NLANBGKA_01080	64
NLANBGKA_01081	739
NLANBGKA_01082	1027
NLANBGKA_01083	2383
NLANBGKA_01084	150
NLANBGKA_01085	1108
NLANBGKA_01086	58
NLANBGKA_01087	228
NLANBGKA_01088	0
NLANBGKA_01089	10
NLANBGKA_01090	188
NLANBGKA_01091	626
NLANBGKA_01092	415
NLANBGKA_01093	252
NLANBGKA_01094	2711
NLANBGKA_01095	109
NLANBGKA_01096	17
NLANBGKA_01097	85
NLANBGKA_01098	5941
NLANBGKA_01099	298
NLANBGKA_01100	258
NLANBGKA_01101	2163
NLANBGKA_01102	1247
NLANBGKA_01104	4
NLANBGKA_01105	0
NLANBGKA_01106	0
NLANBGKA_01107	217
NLANBGKA_01108	155
NLANBGKA_01109	212
NLANBGKA_01110	247
NLANBGKA_01111	55
NLANBGKA_01112	0
NLANBGKA_01113	89
NLANBGKA_01114	133
NLANBGKA_01115	342
NLANBGKA_01116	189
NLANBGKA_01117	24
NLANBGKA_01118	84
NLANBGKA_01119	208
NLANBGKA_01120	311
NLANBGKA_01121	5
NLANBGKA_01122	1252
NLANBGKA_01123	236
NLANBGKA_01124	130
NLANBGKA_01125	357
NLANBGKA_01126	1184
NLANBGKA_01127	137
NLANBGKA_01128	23
NLANBGKA_01129	39
NLANBGKA_01130	52
NLANBGKA_01131	136
NLANBGKA_01132	1209
NLANBGKA_01133	662
NLANBGKA_01134	444
NLANBGKA_01135	2
NLANBGKA_01136	1
NLANBGKA_01137	16
NLANBGKA_01138	544
NLANBGKA_01139	2230
NLANBGKA_01140	59
NLANBGKA_01141	1
NLANBGKA_01142	7
NLANBGKA_01143	428
NLANBGKA_01144	61
NLANBGKA_01145	359
NLANBGKA_01146	279
NLANBGKA_01147	747
NLANBGKA_01148	263
NLANBGKA_01149	188
NLANBGKA_01150	372
NLANBGKA_01151	607
NLANBGKA_01152	391
NLANBGKA_01153	140
NLANBGKA_01154	357
NLANBGKA_01155	459
NLANBGKA_01156	1100
NLANBGKA_01157	53
NLANBGKA_01158	22
NLANBGKA_01159	401
NLANBGKA_01160	3205
NLANBGKA_01161	178
NLANBGKA_01162	105
NLANBGKA_01163	254
NLANBGKA_01164	273
NLANBGKA_01165	371
NLANBGKA_01166	351
NLANBGKA_01167	561
NLANBGKA_01168	1640
NLANBGKA_01169	1712
NLANBGKA_01170	1164
NLANBGKA_01171	2187
NLANBGKA_01172	33
NLANBGKA_01173	14
NLANBGKA_01174	480
NLANBGKA_01175	18
NLANBGKA_01176	707
NLANBGKA_01177	1463
NLANBGKA_01178	145
NLANBGKA_01179	203
NLANBGKA_01180	896
NLANBGKA_01181	1158
NLANBGKA_01182	1389
NLANBGKA_01183	1292
NLANBGKA_01184	418
NLANBGKA_01185	2064
NLANBGKA_01186	2204
NLANBGKA_01187	73
NLANBGKA_01188	466
NLANBGKA_01189	89
NLANBGKA_01190	193
NLANBGKA_01191	434
NLANBGKA_01192	99
NLANBGKA_01194	239
NLANBGKA_01195	237
NLANBGKA_01196	10
NLANBGKA_01197	1098
NLANBGKA_01198	174
NLANBGKA_01199	16
NLANBGKA_01200	170
NLANBGKA_01201	150
NLANBGKA_01202	1270
NLANBGKA_01203	88
NLANBGKA_01204	218
NLANBGKA_01205	185
NLANBGKA_01206	83
NLANBGKA_01207	0
NLANBGKA_01208	0
NLANBGKA_01209	0
NLANBGKA_01210	1
NLANBGKA_01211	3
NLANBGKA_01212	29176
NLANBGKA_01214	0
NLANBGKA_01215	0
NLANBGKA_01216	0
NLANBGKA_01217	5557
NLANBGKA_01218	1
NLANBGKA_01219	0
NLANBGKA_01220	999
NLANBGKA_01221	7
NLANBGKA_01222	21
NLANBGKA_01223	1
NLANBGKA_01224	31
NLANBGKA_01225	20
NLANBGKA_01226	55
NLANBGKA_01227	72
NLANBGKA_01228	7
NLANBGKA_01229	0
NLANBGKA_01230	207
NLANBGKA_01231	296
NLANBGKA_01232	64
NLANBGKA_01233	22
NLANBGKA_01234	33
NLANBGKA_01235	104
NLANBGKA_01236	4
NLANBGKA_01237	4
NLANBGKA_01238	0
NLANBGKA_01239	0
NLANBGKA_01240	16
NLANBGKA_01241	8
NLANBGKA_01242	0
NLANBGKA_01243	330
NLANBGKA_01244	262
NLANBGKA_01245	2758
NLANBGKA_01246	279
NLANBGKA_01247	250
NLANBGKA_01248	725
NLANBGKA_01249	103
NLANBGKA_01250	50
NLANBGKA_01251	106
NLANBGKA_01252	267
NLANBGKA_01253	295
NLANBGKA_01254	393
NLANBGKA_01255	14
NLANBGKA_01256	446
NLANBGKA_01257	0
NLANBGKA_01258	13
NLANBGKA_01259	24
NLANBGKA_01260	245
NLANBGKA_01261	105
NLANBGKA_01262	0
NLANBGKA_01263	182
NLANBGKA_01264	136
NLANBGKA_01265	237
NLANBGKA_01266	20
NLANBGKA_01267	584
NLANBGKA_01268	134
NLANBGKA_01269	3567
NLANBGKA_01270	187
NLANBGKA_01271	767
NLANBGKA_01272	581
NLANBGKA_01273	1546
NLANBGKA_01274	1688
NLANBGKA_01275	983
NLANBGKA_01276	2
NLANBGKA_01277	292
NLANBGKA_01278	248
NLANBGKA_01279	174
NLANBGKA_01280	3
NLANBGKA_01281	160
NLANBGKA_01282	98
NLANBGKA_01283	2
NLANBGKA_01284	6
NLANBGKA_01285	6
NLANBGKA_01286	0
NLANBGKA_01287	47
NLANBGKA_01288	31
NLANBGKA_01289	36
NLANBGKA_01290	472
NLANBGKA_01291	1771
NLANBGKA_01301	54
NLANBGKA_01302	83
NLANBGKA_01303	19
NLANBGKA_01304	175
NLANBGKA_01305	34
NLANBGKA_01306	0
NLANBGKA_01307	955
NLANBGKA_01308	721
NLANBGKA_01309	1211
NLANBGKA_01310	380
NLANBGKA_01311	368
NLANBGKA_01312	120
NLANBGKA_01313	163
NLANBGKA_01314	0
NLANBGKA_01315	0
NLANBGKA_01316	56
NLANBGKA_01317	18
NLANBGKA_01318	40
NLANBGKA_01319	16
NLANBGKA_01320	0
NLANBGKA_01321	0
NLANBGKA_01322	0
NLANBGKA_01323	902
NLANBGKA_01324	353
NLANBGKA_01325	84
NLANBGKA_01326	173
NLANBGKA_01327	13
NLANBGKA_01328	165
NLANBGKA_01329	222
NLANBGKA_01330	1
NLANBGKA_01331	128
NLANBGKA_01332	332
NLANBGKA_01333	115
NLANBGKA_01334	82
NLANBGKA_01335	256
NLANBGKA_01336	59
NLANBGKA_01337	713
NLANBGKA_01338	128
NLANBGKA_01339	390
NLANBGKA_01340	891
NLANBGKA_01341	152
NLANBGKA_01342	18
NLANBGKA_01343	100
NLANBGKA_01344	702
NLANBGKA_01345	73
NLANBGKA_01346	5
NLANBGKA_01347	16
NLANBGKA_01348	105
NLANBGKA_01349	79
NLANBGKA_01350	4807
NLANBGKA_01351	823
NLANBGKA_01352	272
NLANBGKA_01353	79
NLANBGKA_01354	438
NLANBGKA_01355	76
NLANBGKA_01356	1361
NLANBGKA_01357	171
NLANBGKA_01358	135
NLANBGKA_01359	60
NLANBGKA_01360	182
NLANBGKA_01361	89
NLANBGKA_01362	155
NLANBGKA_01363	164
NLANBGKA_01364	244
NLANBGKA_01365	372
NLANBGKA_01366	499
NLANBGKA_01367	2328
NLANBGKA_01368	947
NLANBGKA_01369	975
NLANBGKA_01370	8
NLANBGKA_01371	67
NLANBGKA_01372	32
NLANBGKA_01373	23
NLANBGKA_01374	444
NLANBGKA_01375	934
NLANBGKA_01376	46
NLANBGKA_01377	166
NLANBGKA_01378	248
NLANBGKA_01379	251
NLANBGKA_01380	146
NLANBGKA_01381	15
NLANBGKA_01385	84
NLANBGKA_01386	38
NLANBGKA_01387	3643
NLANBGKA_01388	971
NLANBGKA_01389	161
NLANBGKA_01390	182
NLANBGKA_01391	401
NLANBGKA_01392	33
NLANBGKA_01393	55
NLANBGKA_01394	992
NLANBGKA_01395	407
NLANBGKA_01396	553
NLANBGKA_01397	117
NLANBGKA_01398	451
NLANBGKA_01399	0
NLANBGKA_01400	7
NLANBGKA_01401	15
NLANBGKA_01402	18
NLANBGKA_01403	24
NLANBGKA_01404	58
NLANBGKA_01405	361
NLANBGKA_01406	110
NLANBGKA_01407	37
NLANBGKA_01408	181
NLANBGKA_01409	1523
NLANBGKA_01410	168
NLANBGKA_01411	665
NLANBGKA_01412	11
NLANBGKA_01413	67
NLANBGKA_01414	982
NLANBGKA_01415	5
NLANBGKA_01416	4719
NLANBGKA_01417	4
NLANBGKA_01418	4
NLANBGKA_01419	7
NLANBGKA_01420	70
NLANBGKA_01421	7
NLANBGKA_01422	3
NLANBGKA_01423	2
NLANBGKA_01424	38
NLANBGKA_01425	5
NLANBGKA_01426	443
NLANBGKA_01427	610
NLANBGKA_01428	641
NLANBGKA_01429	228
NLANBGKA_01430	182
NLANBGKA_01431	420
NLANBGKA_01432	212
NLANBGKA_01433	264
NLANBGKA_01434	427
NLANBGKA_01435	249
NLANBGKA_01436	11
NLANBGKA_01437	2379
NLANBGKA_01438	51
NLANBGKA_01439	176
NLANBGKA_01440	22
NLANBGKA_01441	40
NLANBGKA_01442	235
NLANBGKA_01443	661
NLANBGKA_01444	633
NLANBGKA_01445	436
NLANBGKA_01446	1360
NLANBGKA_01447	477
NLANBGKA_01448	1100
NLANBGKA_01449	219
NLANBGKA_01450	101
NLANBGKA_01451	91
NLANBGKA_01452	186
NLANBGKA_01453	4
NLANBGKA_01454	0
NLANBGKA_01455	406
NLANBGKA_01456	228
NLANBGKA_01457	831
NLANBGKA_01458	474
NLANBGKA_01459	168
NLANBGKA_01460	172
NLANBGKA_01461	84
NLANBGKA_01462	1770
NLANBGKA_01463	164
NLANBGKA_01464	37
NLANBGKA_01465	524
NLANBGKA_01466	0
NLANBGKA_01467	146
NLANBGKA_01468	2
NLANBGKA_01469	6
NLANBGKA_01470	0
NLANBGKA_01471	0
NLANBGKA_01472	1
NLANBGKA_01473	0
NLANBGKA_01474	56
NLANBGKA_01475	40
NLANBGKA_01476	31
NLANBGKA_01477	58
NLANBGKA_01478	234
NLANBGKA_01479	339
NLANBGKA_01480	1
NLANBGKA_01481	323
NLANBGKA_01482	228
NLANBGKA_01483	371
NLANBGKA_01484	746
NLANBGKA_01485	274
NLANBGKA_01486	302
NLANBGKA_01487	1641
NLANBGKA_01488	837
NLANBGKA_01489	173
NLANBGKA_01490	0
NLANBGKA_01491	347
NLANBGKA_01492	2
NLANBGKA_01493	3
NLANBGKA_01494	2107
NLANBGKA_01495	321
NLANBGKA_01496	1357
NLANBGKA_01497	8
NLANBGKA_01498	207
NLANBGKA_01499	0
NLANBGKA_01500	545
NLANBGKA_01501	1075
NLANBGKA_01502	28
NLANBGKA_01503	21
NLANBGKA_01504	713
NLANBGKA_01505	658
NLANBGKA_01506	3319
NLANBGKA_01507	1648
NLANBGKA_01508	676
NLANBGKA_01509	383
NLANBGKA_01510	10
NLANBGKA_01511	522
NLANBGKA_01512	722
NLANBGKA_01513	4979
NLANBGKA_01514	124
NLANBGKA_01515	300
NLANBGKA_01516	466
NLANBGKA_01517	4
NLANBGKA_01518	2
NLANBGKA_01519	0
NLANBGKA_01520	1
NLANBGKA_01521	1581
NLANBGKA_01522	2
NLANBGKA_01523	2
NLANBGKA_01524	4
NLANBGKA_01525	2
NLANBGKA_01526	30
NLANBGKA_01527	101
NLANBGKA_01528	18
NLANBGKA_01529	775
NLANBGKA_01530	20
NLANBGKA_01531	0
NLANBGKA_01532	2
NLANBGKA_01533	4
NLANBGKA_01534	7
NLANBGKA_01535	57
NLANBGKA_01536	12
NLANBGKA_01537	0
NLANBGKA_01538	10
NLANBGKA_01539	18
NLANBGKA_01540	229
NLANBGKA_01541	107
NLANBGKA_01542	1013
NLANBGKA_01543	24
NLANBGKA_01544	15
NLANBGKA_01545	148
NLANBGKA_01546	0
NLANBGKA_01547	0
NLANBGKA_01548	8
NLANBGKA_01549	6
NLANBGKA_01550	0
NLANBGKA_01551	0
NLANBGKA_01552	2
NLANBGKA_01553	242
NLANBGKA_01554	298
NLANBGKA_01555	79
NLANBGKA_01556	3
NLANBGKA_01557	1
NLANBGKA_01558	17
NLANBGKA_01559	2745
NLANBGKA_01560	73
NLANBGKA_01561	96
NLANBGKA_01562	127
NLANBGKA_01563	8
NLANBGKA_01564	39
NLANBGKA_01565	314
NLANBGKA_01566	9
NLANBGKA_01567	142
NLANBGKA_01568	77
NLANBGKA_01569	166
NLANBGKA_01570	2
NLANBGKA_01571	139
NLANBGKA_01572	265
NLANBGKA_01573	308
NLANBGKA_01574	14
NLANBGKA_01575	0
NLANBGKA_01576	458
NLANBGKA_01577	341
NLANBGKA_01578	47
NLANBGKA_01579	4
NLANBGKA_01580	2
NLANBGKA_01581	11
NLANBGKA_01582	1
NLANBGKA_01583	1
NLANBGKA_01584	70915
NLANBGKA_01585	6404
NLANBGKA_01586	1850
NLANBGKA_01587	574
NLANBGKA_01588	456
NLANBGKA_01589	842
NLANBGKA_01590	1328
NLANBGKA_01591	524
NLANBGKA_01592	660
NLANBGKA_01593	1111
NLANBGKA_01595	329
NLANBGKA_01596	296
NLANBGKA_01597	748
NLANBGKA_01598	1893
NLANBGKA_01599	486
NLANBGKA_01600	291
NLANBGKA_01601	94
NLANBGKA_01602	20
NLANBGKA_01603	7
NLANBGKA_01604	15
NLANBGKA_01605	147
NLANBGKA_01606	3
NLANBGKA_01607	2
NLANBGKA_01608	6
NLANBGKA_01609	5
NLANBGKA_01610	930
NLANBGKA_01611	0
NLANBGKA_01612	11
NLANBGKA_01613	3
NLANBGKA_01614	4502
NLANBGKA_01615	412
NLANBGKA_01616	348
NLANBGKA_01617	2262
NLANBGKA_01618	1
NLANBGKA_01619	142
NLANBGKA_01620	357
NLANBGKA_01621	1162
NLANBGKA_01622	48
NLANBGKA_01623	749
NLANBGKA_01624	21
NLANBGKA_01625	184
NLANBGKA_01626	348
NLANBGKA_01627	87
NLANBGKA_01628	2772
NLANBGKA_01629	22
NLANBGKA_01630	104
NLANBGKA_01634	547
NLANBGKA_01635	2323
NLANBGKA_01636	313
NLANBGKA_01637	399
NLANBGKA_01638	5003
NLANBGKA_01639	163
NLANBGKA_01640	108
NLANBGKA_01641	355
NLANBGKA_01642	185
NLANBGKA_01643	1428
NLANBGKA_01644	319
NLANBGKA_01645	428
NLANBGKA_01646	153
NLANBGKA_01647	169
NLANBGKA_01648	26
NLANBGKA_01649	1
NLANBGKA_01650	55
NLANBGKA_01651	276
NLANBGKA_01652	57
NLANBGKA_01653	798
NLANBGKA_01654	754
NLANBGKA_01655	583
NLANBGKA_01656	1014
NLANBGKA_01657	150
NLANBGKA_01658	306
NLANBGKA_01659	2
NLANBGKA_01660	4
NLANBGKA_01661	78
NLANBGKA_01662	188
NLANBGKA_01663	0
NLANBGKA_01664	0
NLANBGKA_01665	0
NLANBGKA_01666	0
NLANBGKA_01667	0
NLANBGKA_01668	0
NLANBGKA_01669	20720
NLANBGKA_01670	29702
NLANBGKA_01671	255
NLANBGKA_01672	15375
NLANBGKA_01673	965
NLANBGKA_01674	2
NLANBGKA_01675	1
NLANBGKA_01676	53
NLANBGKA_01677	43
NLANBGKA_01678	85
NLANBGKA_01679	90
NLANBGKA_01680	60
NLANBGKA_01681	91
NLANBGKA_01682	150
NLANBGKA_01683	924
NLANBGKA_01684	227
NLANBGKA_01685	1739
NLANBGKA_01686	727
NLANBGKA_01687	134
NLANBGKA_01688	331
NLANBGKA_01689	561
NLANBGKA_01690	9
NLANBGKA_01691	1567
NLANBGKA_01692	152
NLANBGKA_01693	142
NLANBGKA_01694	1006
NLANBGKA_01695	393
NLANBGKA_01696	26
NLANBGKA_01697	447
NLANBGKA_01699	3
NLANBGKA_01700	0
NLANBGKA_01701	0
NLANBGKA_01702	1
NLANBGKA_01703	48
NLANBGKA_01704	1527
NLANBGKA_01705	516
NLANBGKA_01706	120
NLANBGKA_01707	4
NLANBGKA_01708	170
NLANBGKA_01709	12
NLANBGKA_01710	3734
NLANBGKA_01711	233
NLANBGKA_01712	60
NLANBGKA_01713	1165
NLANBGKA_01714	612
NLANBGKA_01715	491
NLANBGKA_01716	800
NLANBGKA_01717	818
NLANBGKA_01718	165
NLANBGKA_01719	2120
NLANBGKA_01720	466
NLANBGKA_01721	936
NLANBGKA_01722	2417
NLANBGKA_01723	434
NLANBGKA_01724	131
NLANBGKA_01725	146
NLANBGKA_01726	1160
NLANBGKA_01727	517
NLANBGKA_01728	1636
NLANBGKA_01729	60
NLANBGKA_01730	467
NLANBGKA_01731	501
NLANBGKA_01732	542
NLANBGKA_01733	856
NLANBGKA_01734	73
NLANBGKA_01735	2071
NLANBGKA_01736	3336
NLANBGKA_01737	701
NLANBGKA_01738	33
NLANBGKA_01739	9
NLANBGKA_01740	182
NLANBGKA_01741	831
NLANBGKA_01742	4116
NLANBGKA_01743	1329
NLANBGKA_01744	10
NLANBGKA_01745	0
NLANBGKA_01746	0
NLANBGKA_01747	32
NLANBGKA_01748	0
NLANBGKA_01749	1853
NLANBGKA_01750	114
NLANBGKA_01751	2506
NLANBGKA_01752	5803
NLANBGKA_01753	5246
NLANBGKA_01754	478
NLANBGKA_01755	119
NLANBGKA_01756	105
NLANBGKA_01757	24
NLANBGKA_01758	81
NLANBGKA_01759	425
NLANBGKA_01760	213
NLANBGKA_01761	194
NLANBGKA_01762	69
NLANBGKA_01763	36
NLANBGKA_01764	1385
NLANBGKA_01765	20
NLANBGKA_01766	4
NLANBGKA_01767	61
NLANBGKA_01768	779
NLANBGKA_01769	486
NLANBGKA_01770	502
NLANBGKA_01771	24
NLANBGKA_01772	909
NLANBGKA_01773	551
NLANBGKA_01774	28
NLANBGKA_01775	23
NLANBGKA_01776	1578
NLANBGKA_01777	2950
NLANBGKA_01778	75
NLANBGKA_01779	9
NLANBGKA_01780	391
NLANBGKA_01781	466
NLANBGKA_01782	399
NLANBGKA_01783	392
NLANBGKA_01784	149
NLANBGKA_01785	68
NLANBGKA_01786	104
NLANBGKA_01787	334
NLANBGKA_01788	57
NLANBGKA_01789	81
NLANBGKA_01790	25
NLANBGKA_01791	749
NLANBGKA_01792	207
NLANBGKA_01793	872
NLANBGKA_01794	464
NLANBGKA_01795	57
NLANBGKA_01796	112
NLANBGKA_01797	125
NLANBGKA_01798	498
NLANBGKA_01799	29
NLANBGKA_01800	1
NLANBGKA_01801	1
NLANBGKA_01802	1062
NLANBGKA_01803	19
NLANBGKA_01804	127
NLANBGKA_01805	1163
NLANBGKA_01806	1158
NLANBGKA_01807	348
NLANBGKA_01808	197
NLANBGKA_01809	72
NLANBGKA_01810	260
NLANBGKA_01811	5
NLANBGKA_01812	2
NLANBGKA_01813	250
NLANBGKA_01814	1215
NLANBGKA_01815	616
NLANBGKA_01816	364
NLANBGKA_01817	1479
NLANBGKA_01818	34
NLANBGKA_01819	742
NLANBGKA_01820	370
NLANBGKA_01821	746
NLANBGKA_01822	696
NLANBGKA_01823	115
NLANBGKA_01824	113
NLANBGKA_01825	54
NLANBGKA_01826	593
NLANBGKA_01827	150
NLANBGKA_01828	388
NLANBGKA_01829	39
NLANBGKA_01830	2032
NLANBGKA_01831	36
NLANBGKA_01832	3
NLANBGKA_01833	8
NLANBGKA_01834	498
NLANBGKA_01835	6
NLANBGKA_01836	25
NLANBGKA_01837	1342
NLANBGKA_01838	2759
NLANBGKA_01839	484
NLANBGKA_01840	1379
NLANBGKA_01841	1
NLANBGKA_01842	0
NLANBGKA_01843	0
NLANBGKA_01844	1
NLANBGKA_01845	182
NLANBGKA_01846	76
NLANBGKA_01847	199
NLANBGKA_01848	114
NLANBGKA_01849	52
NLANBGKA_01850	955
NLANBGKA_01851	718
NLANBGKA_01852	1519
NLANBGKA_01853	1749
NLANBGKA_01854	42
NLANBGKA_01855	22
NLANBGKA_01856	132
NLANBGKA_01857	53
NLANBGKA_01858	47
NLANBGKA_01859	31
NLANBGKA_01860	18
NLANBGKA_01861	16
NLANBGKA_01862	31
NLANBGKA_01863	4
NLANBGKA_01864	30
NLANBGKA_01865	24
NLANBGKA_01866	42
NLANBGKA_01867	1
NLANBGKA_01868	63
NLANBGKA_01869	6945
NLANBGKA_01870	7664
NLANBGKA_01871	3
NLANBGKA_01872	19
NLANBGKA_01873	628
NLANBGKA_01874	121
NLANBGKA_01875	1087
NLANBGKA_01876	131
NLANBGKA_01877	211
NLANBGKA_01878	155
NLANBGKA_01879	294
NLANBGKA_01880	268
NLANBGKA_01881	723
NLANBGKA_01882	509
NLANBGKA_01883	397
NLANBGKA_01884	46
NLANBGKA_01885	461
NLANBGKA_01886	148
NLANBGKA_01887	155
NLANBGKA_01888	7
NLANBGKA_01889	18
NLANBGKA_01890	0
NLANBGKA_01891	112
NLANBGKA_01892	313
NLANBGKA_01893	20
NLANBGKA_01894	39
NLANBGKA_01895	45
NLANBGKA_01896	160
NLANBGKA_01897	270
NLANBGKA_01898	214
NLANBGKA_01899	28
NLANBGKA_01900	126
NLANBGKA_01901	36
NLANBGKA_01902	15
NLANBGKA_01903	0
NLANBGKA_01904	27
NLANBGKA_01905	98
NLANBGKA_01906	269
NLANBGKA_01907	11
NLANBGKA_01908	70
NLANBGKA_01909	67
NLANBGKA_01910	2
